Filename,Random Forest,SVR Linear,SVR Poly,SVR RBF,KNN,Gradient Boosting,AdaBoost,Random Number,O0,O1,O2,O3
00202.c,0.9086146373301744,0.9053110983222723,0.9027698133140802,0.901540569961071,0.9030602499842644,0.9043115116655827,0.9036900140345097,0.9055294152349234,0.9054311830550432,0.9045736659318209,0.9043628163635731,0.903394753113389
recursion.c,0.8414320889860392,0.8404717650264502,0.8398802280426025,0.8362964354455471,0.8425528239458799,0.835876639932394,0.8410925343632698,0.8373493943363428,0.8372196312993765,0.83790990896523,0.843064846470952,0.8423737287521362
