Filename,Random Forest,SVR Linear,SVR Poly,SVR RBF,KNN,Gradient Boosting,AdaBoost,Random Number,O0,O1,O2,O3
00202.c,-0.0057780767475082515,-0.0021212711301221788,0.0006917682410209194,0.0020524617238786135,0.00037027349115304907,-0.0010147928677183443,-0.00032683488597103256,-0.00236293393799069,-0.0022541972206900833,-0.0013049808119528492,-0.0010715838749868777,0.0
recursion.c,0.0011178408513427666,0.002257862111278776,0.00296008840782283,0.007214485802628036,-0.0002126077626008248,0.007712834099618431,0.0015209334587919098,0.005964495620294684,0.006118540116861013,0.005299096629614498,-0.0008204407322146689,0.0
